{
  "model_id": "unit_wheel_test",
  "bounds": {
    "min": [
      -0.05,
      -0.02,
      -0.05
    ],
    "max": [
      0.05,
      0.02,
      0.05
    ],
    "center": [
      0.0,
      0.0,
      0.0
    ],
    "size": [
      0.1,
      0.04,
      0.1
    ],
    "vertices": 50
  },
  "fit": {
    "before": {
      "min": [
        -0.06,
        -0.015,
        -0.06
      ],
      "max": [
        0.06,
        0.015,
        0.06
      ],
      "center": [
        0.0,
        0.0,
        0.0
      ],
      "size": [
        0.12,
        0.03,
        0.12
      ],
      "vertices": 50
    },
    "after": {
      "min": [
        -0.05,
        -0.02,
        -0.05
      ],
      "max": [
        0.05,
        0.02,
        0.05
      ],
      "center": [
        0.0,
        0.0,
        0.0
      ],
      "size": [
        0.1,
        0.04,
        0.1
      ],
      "vertices": 50
    },
    "scale": [
      0.8333333333333334,
      1.3333333333333335,
      0.8333333333333334
    ],
    "target_size": [
      0.1,
      0.04,
      0.1
    ],
    "uniform": false,
    "centered": true
  }
}